patient_race,num,avg_bmi
Asian,287,26.014301075268815
Black,864,30.747773279352227
Hispanic,670,29.975238095238094
Other,536,28.54604519774011
White,2863,28.776725768321512
,5104,28.89262295081967
